{"cameraMode":{"drawMode":0,"name":"Shaded","section":"Shading Mode"},"sceneLighting":true,"audioPlay":false,"sceneViewState":{"showFog":true,"showMaterialUpdate":false,"showSkybox":true,"showFlares":true,"showImageEffects":true,"showParticleSystems":true},"in2DMode":false,"pivot":{"x":-119.49622344970703,"y":66.48289489746094,"z":255.02188110351563},"rotation":{"x":-0.10044775903224945,"y":-0.23266595602035523,"z":-0.024170314893126489,"w":0.9670590162277222},"size":186.27847290039063,"orthographic":false}